name,id,designation,tech/manufacturer,system id,fleet pts,hitpoints,armor rating,max flux,8/6/5/4%,flux dissipation,ordnance points,fighter bays,max speed,acceleration,deceleration,max turn rate,turn acceleration,mass,shield type,defense id,shield arc,shield upkeep,shield efficiency,phase cost,phase upkeep,min crew,max crew,cargo,fuel,fuel/ly,range,max burn,base value,cr %/day,CR to deploy,peak CR sec,CR loss/sec,supplies/rec,supplies/mo,c/s,c/f,f/s,f/f,crew/s,crew/f,hints,tags,rarity,breakProb,minPieces,maxPieces,travel drive,number
Wight,kayse_wight,Phase Blockade Runner,No Such Org,flarelauncher_active,5,2800,350,5000,10000,300,45,,80,60,40,30,30,400,PHASE,phasecloak,90,,,0.05,0.04,25,50,200,100,2,50,9,100000,5,20,300,0.25,10,10,,,,,,,"CIVILIAN, FREIGHTER","hightech_bp, merc",,0.5,2,3,,314.5
Pyre,kayse_pyre,Phase Tanker,No Such Org,flarelauncher_active,3,2000,350,4000,2500,200,45,,50,30,20,25,15,400,PHASE,phasecloak,90,0.5,1.2,0.05,0.04,10,20,20,500,2,240,9,44000,5,20,300,0.25,6,6,,,,,,,"CIVILIAN, TANKER","hightech_bp, merc, tritachyon",,0.75,3,4,,311.5
Poltergeist,kayse_poltergeist,Phase Fighter,No Such Org,,,750,100,600,,80,0,,180,400,350,90,180,30,PHASE,phasecloak,0,0,0,0.1,0.07,1,1,,,,,,,,,,,,,,,,,,,,,,0,,,,104.5
Haunt,kayse_haunt,Phase Carrier,No Such Org,reservewing,15,4250,400,3000,2813,225,50,1,75,50,30,25,25,450,PHASE,phasecloak,300,0.4,0.8,.05,.04,90,150,40,40,2,20,9,104000,5,15,360,0.25,20,20,,,,,,,CARRIER,"rare_bp, merc, tritachyon",,0.5,2,3,,318.5
Grim,kayse_grim,Phase Frigate,No Such Org,interdictor,10,1500,250,2250,1875,160,40,,160,130,100,60,120,200,PHASE,phasecloak,150,0.4,0.8,.06,.04,10,15,25,20,1,20,10,24000,10,20,180,0.25,8,8,,,,,,,,"rare_bp, merc, tritachyon",,0.5,2,2,,300.5
Ghoul,kayse_ghoul,Phase Frigate,No Such Org,fastmissileracks,7,1000,300,1200,2000,160,35,,90,120,90,45,90,200,PHASE,phasecloak,90,,,0.05,0.04,4,10,10,20,1,20,9,52000,10,20,180,0.25,7,7,,,,,,,,"hightech_bp, merc, tritachyon",,0.5,2,2,,228
Dullahan,kayse_dullahan,Phase Flotilla Leader,No Such Org,entropyamplifier,9,2800,400,5000,5833,350,70,,100,100,80,35,80,250,PHASE,phasecloak,150,0.3,0.7,0.05,0.04,25,60,60,80,2,40,10,40000,5,15,300,0.25,15,15,,,,,,,,"rare_bp, merc, tritachyon",,0.7,2,3,,319
